ID_Estacion,Temperatura_C,Profundidad_m,Porcentaje_Blanqueamiento
Estacion_1,27.621780831931535,5,42.3498749878447
Estacion_2,31.65500014486941,33,83.18327994488246
Estacion_3,30.12395759267984,49,73.38848036718788
Estacion_4,29.19060938937925,39,63.34024139897014
Estacion_5,26.09213048309705,44,25.904518036819876
Estacion_6,26.091961642353414,18,28.50744333601409
Estacion_7,25.4065852851774,39,19.04863419487326
Estacion_8,31.063233020424548,49,85.05469664123676
Estacion_9,29.207805082202466,24,60.14283242913629
Estacion_10,29.95650804457232,17,61.17329186728784
Estacion_11,25.144091460070616,42,13.877188616510333
Estacion_12,31.78936896513396,12,92.51086601742308
Estacion_13,30.827098485602956,47,81.28307601321227
Estacion_14,26.48637377474793,24,21.45274241787364
Estacion_15,26.272774770449704,37,19.86801454335515
Estacion_16,26.28383156897404,30,30.67174309435296
Estacion_17,27.129695700716763,43,35.35857263931786
Estacion_18,28.673295021425663,25,57.487043743971086
Estacion_19,28.02361513049481,46,46.42497344659001
Estacion_20,27.03860398138629,47,34.61202847411424
Estacion_21,29.28297026305665,45,66.08706218655985
Estacion_22,25.976457024564294,13,19.13726065368464
Estacion_23,27.045012539746526,28,35.02075436166325
Estacion_24,27.56453290305584,41,38.463018393144914
Estacion_25,28.19248988951925,45,46.13739753706944
Estacion_26,30.49623172975109,21,74.40892013966997
Estacion_27,26.39771647510852,28,27.88326655947074
Estacion_28,28.59964106889528,25,50.80194971842598
Estacion_29,29.146901982034297,43,66.04160441227918
Estacion_30,25.325152889039984,45,9.428798157382287
Estacion_31,29.252813963310068,43,60.09940933891399
Estacion_32,26.19366886581104,17,22.12537109836159
Estacion_33,25.455361150896955,15,22.699223232532155
Estacion_34,31.642198760773333,23,90.68915901183784
Estacion_35,31.75942423152192,15,96.27231347560614
Estacion_36,30.65878143681523,17,70.47757537659787
Estacion_37,27.1322963842136,49,36.92280793990948
Estacion_38,25.683704798044687,5,22.652611554653426
Estacion_39,29.789631185585097,44,67.8869941733983
Estacion_40,28.08106745617721,48,52.300211349453264
Estacion_41,25.85426764391345,23,17.66476947645954
Estacion_42,28.466238370778893,16,58.6415976502746
Estacion_43,25.24071964780653,12,24.3831263917746
Estacion_44,31.365242814551475,12,84.5687209724194
Estacion_45,26.81145987120012,49,29.510005847397565
Estacion_46,29.637655990477874,16,72.91879427132302
Estacion_47,27.18197753262588,37,44.081591120164056
Estacion_48,28.64047614824468,49,51.07141364316979
Estacion_49,28.82697195540296,30,53.82272937935621
Estacion_50,26.29398118867869,43,24.118851219841748
Estacion_51,31.78709239435191,32,84.72285617705155
Estacion_52,30.4259297635278,9,70.51789742991261
Estacion_53,31.576492590949325,12,83.89720725763155
Estacion_54,31.26379145299354,29,81.32650961040183
Estacion_55,29.185299851677595,31,60.050173783197216
Estacion_56,31.45311964516182,27,88.60850940462444
Estacion_57,25.61944751436344,34,25.18587263643165
Estacion_58,26.371880036934016,49,21.47079023951424
Estacion_59,25.316591022373768,27,18.720704260868114
Estacion_60,27.27731231534285,24,36.25780356298665
Estacion_61,27.72074102782637,22,42.40157378565432
Estacion_62,26.899443222417272,22,36.16741612984027
Estacion_63,30.801162564063503,6,74.00034066095054
Estacion_64,27.49727328685513,8,41.8793281731818
Estacion_65,26.966541567811664,34,34.43075985480526
Estacion_66,28.79887258210774,37,58.04872730533361
Estacion_67,25.98646957482334,40,23.283478117419182
Estacion_68,30.61537886527828,22,89.66104708289382
Estacion_69,25.521854505758395,41,13.07355414784414
Estacion_70,31.908208556203626,23,90.2435178994344
Estacion_71,30.4057133850766,32,71.75285798879537
Estacion_72,26.39100977073921,44,23.91473165306921
Estacion_73,25.03865481986521,24,7.276922201849992
Estacion_74,30.70822999918384,37,84.44384264574381
Estacion_75,29.94800140693332,16,76.47853812314911
Estacion_76,30.10305017628691,19,68.38287064669552
Estacion_77,30.39889242680162,45,70.62493125609828
Estacion_78,25.518312562138632,43,18.57682852759561
Estacion_79,27.509260099809907,6,37.35000597631403
Estacion_80,25.811083416675903,33,22.897660088888458
Estacion_81,31.04172398112916,45,83.51530287780638
Estacion_82,29.363086887792903,14,54.77832207852868
Estacion_83,27.316286173968543,6,45.532960094272845
Estacion_84,25.444908452002167,15,24.318289789503616
Estacion_85,27.176876252009635,17,33.05857157169368
Estacion_86,27.27628325418723,14,35.376891250566835
Estacion_87,30.107243248366448,18,72.71624593402191
Estacion_88,29.46290229948649,22,65.22711154377302
Estacion_89,31.210489198034285,13,87.81859173977558
Estacion_90,28.305504476133645,43,59.71707640743548
Estacion_91,25.837159721568117,32,19.161180521347116
Estacion_92,29.992713510560964,7,65.92107590403931
Estacion_93,30.325495340318284,24,67.00934794374677
Estacion_94,28.928940382986475,10,53.49263439612814
Estacion_95,30.39677025968193,31,74.59560825181411
Estacion_96,28.456569174550737,6,60.45161941219778
Estacion_97,28.65912980567396,33,51.32150117290667
Estacion_98,27.99278712850985,42,47.03238530031265
Estacion_99,25.177933887208667,7,12.053092166140242
Estacion_100,25.75523998895313,20,25.00484623467799
Estacion_101,25.22000429980714,34,25.27471372705378
Estacion_102,29.454872878846466,44,60.80413068155596
Estacion_103,27.20049186753429,6,33.95870519782033
Estacion_104,28.55999483815292,21,57.94074244318037
Estacion_106,26.74504560404213,16,40.17408387718565
Estacion_107,27.87268046124941,39,47.3918064616227
Estacion_108,30.28885796980134,47,71.6698351836808
Estacion_109,26.60158715844136,5,32.17232005475783
Estacion_110,25.53885936880155,49,22.00983032853312
Estacion_111,27.028260170396376,19,38.44153295074332
Estacion_112,26.12854901077803,30,26.07895828487285
Estacion_113,31.50788356639801,41,93.42797624472192
Estacion_115,29.433826295572963,35,70.11671050206317
Estacion_116,31.10022413131402,29,86.44623901371648
Estacion_117,30.625704538293803,27,76.67286405794137
Estacion_118,26.30599041220225,28,26.405453378593656
Estacion_119,31.24791298942984,42,91.00750070569993
Estacion_120,28.77539569340956,32,51.22006996597848
Estacion_121,30.65208108614844,25,79.66833957814575
Estacion_122,31.272639099464453,47,83.30497513193662
Estacion_123,27.22602432480305,22,36.85601601231068
Estacion_124,25.770363471693734,40,25.63662097336133
Estacion_125,26.59554613779359,39,30.102048993622603
Estacion_126,27.989754520383794,49,46.10923698538626
Estacion_127,30.72610336145745,13,71.91395963258982
Estacion_128,31.025114082794403,42,86.03263682366894
Estacion_129,25.048664913718333,34,13.81139987032535
Estacion_130,28.57523111804296,48,63.71904703304281
Estacion_131,27.921877022041453,38,43.52363308973242
Estacion_132,26.55475467329511,36,29.75280771786104
Estacion_133,25.83905757133578,7,21.315609274583096
Estacion_134,27.363306199825395,7,46.24694079672214
Estacion_135,31.600367927387637,32,88.72793746671682
Estacion_136,27.262420524145288,48,38.54415391859517
Estacion_137,28.631534352203563,19,56.61789477502546
Estacion_138,29.92113271226625,45,69.98663816297676
Estacion_139,27.545407216655057,27,38.31271852710802
Estacion_140,31.802474579046724,44,92.6001449130522
Estacion_141,31.737131064594777,15,96.21373152443618
Estacion_142,26.76247607077755,36,26.01713635227527
Estacion_143,28.4807395412467,40,52.4337228656948
Estacion_144,27.10614816871739,37,31.77317394991278
Estacion_145,26.993883460642277,28,39.90183467233146
Estacion_146,25.25820863148173,43,5.482569053861901
Estacion_147,29.26695033785928,38,58.40879481795342
Estacion_148,28.51875316260203,32,54.11109732654701
Estacion_149,25.36035125874993,41,22.1518352511708
Estacion_150,26.95052524965628,11,33.077551690510425
Estacion_151,31.35786120176657,8,83.51833678773288
Estacion_152,26.67693323466881,41,39.52898416322866
Estacion_153,26.014264104638563,5,14.93109975358157
Estacion_154,28.42616932194294,5,40.12000208021488
Estacion_155,31.899553178774205,24,94.99471039555716
Estacion_156,26.694386900580504,23,27.822371685203024
Estacion_157,29.70494883184115,33,61.35322189644024
Estacion_158,30.331337307301023,14,77.51782992410904
Estacion_159,26.6634628079468,22,31.18055726421754
Estacion_160,30.097514440283017,32,68.34978012971256
Estacion_161,27.57448192903477,39,34.49226115506277
Estacion_162,29.42614081415505,47,67.47597641126141
Estacion_163,29.434707975326265,35,66.46750159370845
Estacion_164,28.75042278852331,31,54.5091941433828
Estacion_165,25.632028390380857,15,26.81752566480862
Estacion_166,30.847117469124665,42,74.8149857978652
Estacion_167,27.24546045480215,9,29.31789960300207
Estacion_168,26.305629572798978,12,22.20801452418151
Estacion_169,25.285425990883347,38,13.197181808822704
Estacion_170,29.13625060231769,16,60.85170447442582
Estacion_171,29.74295053289597,42,65.70922610547005
Estacion_172,25.116114802494995,5,13.153654612511431
Estacion_173,28.584651408094967,35,46.75811977618736
Estacion_174,26.58547042638557,8,36.24446813699308
Estacion_175,29.51620953286615,49,63.78375850243092
Estacion_176,26.22056500303494,9,30.23325919435991
Estacion_177,29.83656416671726,34,69.75239673249561
Estacion_178,27.707147424103763,28,44.76953518501406
Estacion_179,31.557109921157146,7,91.5341554550467
Estacion_180,25.962646609021952,15,23.790302108349973
Estacion_181,27.38746445735181,49,41.863187287559455
Estacion_182,25.794314648684125,8,26.17753843487167
Estacion_183,31.47285532794994,30,88.65686978390661
Estacion_184,31.14137547366687,31,87.241524471945
Estacion_185,26.80559139400609,47,31.21841825663696
Estacion_186,29.61988832223925,31,72.6392459441184
Estacion_187,30.72055540140851,46,75.26470330660575
Estacion_188,28.88640568119624,10,65.64157033890892
Estacion_189,28.70755404849205,19,54.289858828682846
Estacion_190,26.69296603630316,34,23.1617169250477
Estacion_191,25.651719374641296,46,18.461154570249523
Estacion_192,31.28051030567329,41,81.96086538070506
Estacion_193,31.302926400143317,41,89.83833454666335
Estacion_194,29.431710200912875,46,59.91740251444254
Estacion_195,27.373208537340904,41,36.24758528201696
Estacion_196,27.444467022288627,39,29.885900612735902
Estacion_197,30.08168975209168,27,68.71874542885473
Estacion_198,31.27977181966804,10,73.23786520287166
Estacion_199,31.20960496985582,8,76.59574552084125
Estacion_200,30.459128821003368,22,79.31161913276193
Estacion_201,29.49422152308001,13,67.85965907021433
Estacion_202,25.58897975496534,33,19.19504486850892
Estacion_203,26.131400998662297,17,18.741931268301485
Estacion_204,31.289879319689557,21,85.23999505556472
Estacion_205,29.24500341761713,49,60.92202831595274
Estacion_206,25.06437936131641,36,4.980728889834174
Estacion_207,25.710300800062225,26,26.040601109582436
Estacion_208,29.644512383756396,8,70.12096005795507
Estacion_209,25.03543108692353,9,9.320352173934076
Estacion_210,26.12565635992249,41,23.64230551404256
Estacion_211,28.841136525566103,45,57.13555234653101
Estacion_212,29.843266383848853,17,57.91052226406477
Estacion_213,29.563728816518204,38,63.52885888561544
Estacion_214,26.56988516622392,49,25.428700754698067
Estacion_215,29.985254549432756,26,64.81495454371846
Estacion_216,26.6607436124776,27,28.523421885301403
Estacion_217,27.277797887114875,7,46.322007279626135
Estacion_218,30.22543983582617,46,75.90949233624909
Estacion_219,29.547430293330503,38,61.71326857105204
Estacion_220,30.944563873459245,36,84.19768038829173
Estacion_221,29.603290246102404,49,72.23626013615885
Estacion_222,28.9781602233483,25,62.361091094743465
Estacion_223,25.655723374796647,48,18.16683234716062
Estacion_224,27.57401062141604,25,37.65344356846457
Estacion_225,26.85641657377208,48,35.76811545333291
Estacion_226,26.707927503653583,15,32.46255697095175
Estacion_227,31.81107388326712,43,96.20885269934412
Estacion_228,27.751684072667324,8,46.1960678804177
Estacion_229,31.244325886239796,5,90.17967421147418
Estacion_230,29.41797038198084,32,60.339468525967256
Estacion_231,30.56367912479154,28,83.3511198256701
Estacion_232,28.518459651736343,39,53.20951384429809
Estacion_233,29.038327192384514,17,68.8362306717405
Estacion_234,28.447623856732047,38,47.92554719033672
Estacion_235,26.36670091458631,15,35.080229990861945
Estacion_236,30.05716480683053,40,71.67553159927964
Estacion_237,26.96540653708599,21,30.327788426959664
Estacion_238,25.170211765020177,39,9.62311200997049
Estacion_239,29.51830607135017,22,62.61793631523052
Estacion_240,26.239774755849343,44,26.99812680220171
Estacion_241,31.5832100904704,26,91.61269852582232
Estacion_242,31.677500039018117,28,87.26150044852447
Estacion_243,31.40405073154314,23,86.72683581721279
Estacion_244,27.59111090178811,41,51.80468261451662
Estacion_245,25.108196315702077,43,19.936071638928443
Estacion_246,31.49822993811408,25,90.16037760573911
Estacion_247,27.9972890382212,12,46.15748584949542
Estacion_248,31.766583733305687,32,91.79916143325958
Estacion_249,31.74533983962477,9,94.01166793914936
Estacion_250,30.97106618827152,21,76.53883143326622
Estacion_251,27.0611422444871,41,33.44682424672849
Estacion_252,27.69568410021348,40,34.0052888331738
Estacion_253,30.957956700618,23,83.49159602044237
Estacion_254,27.218454036093945,31,39.85742813164104
Estacion_255,26.186449226802647,38,21.821458410134884
Estacion_256,28.89760883720845,15,64.64123986295158
Estacion_257,31.553083419125468,49,82.5081727144939
Estacion_258,29.87220857672481,16,61.14462851964864
Estacion_259,28.990428190625558,25,59.00739738030652
Estacion_260,25.68023545639538,15,23.39831698980533
Estacion_261,29.30505058689419,43,70.08024550001959
Estacion_262,31.930376950729844,32,90.8701020944134
Estacion_263,25.980588106655667,9,27.160461447024502
Estacion_264,28.628307566546155,21,53.34714845105033
Estacion_265,31.14161150349569,24,82.8362015422442
Estacion_266,30.185380324279432,45,76.64286357878653
Estacion_267,29.87911018696688,16,71.81093663566965
Estacion_268,29.91738858790977,10,61.12670226999593
Estacion_269,27.516438058538284,21,47.57995845108889
Estacion_270,27.05514290985145,23,41.56217168895471
Estacion_271,30.6655280883496,30,74.85852355264754
Estacion_272,30.670793762754265,48,80.0285428202382
Estacion_273,31.069506230060725,48,85.3042256921424
Estacion_274,31.3926838678953,36,88.01557524386314
Estacion_275,28.579396792026564,10,50.2012357350917
Estacion_276,28.5106140628104,40,48.76925191403454
Estacion_277,30.588066252767423,42,76.92902467825192
Estacion_278,29.54974751544436,15,70.4606152816291
Estacion_279,29.913768140803924,37,71.68321846261925
Estacion_280,30.570548686052707,28,74.99351257220196
Estacion_281,31.230037392722963,27,88.61894226591728
Estacion_282,27.36596609796075,19,24.14888007237863
Estacion_283,27.62908066847961,31,47.292796523615806
Estacion_284,25.657873578886083,15,9.195914052742491
Estacion_285,29.047960986973216,21,56.76332713666296
Estacion_286,25.251595916577195,18,7.4208015257955875
Estacion_287,28.259186126927226,31,42.63682614452215
Estacion_288,28.79851244295304,22,61.38628325232902
Estacion_289,27.005788764897996,32,31.73095917221643
Estacion_290,29.13583282398308,8,61.36251329645048
Estacion_291,25.213501749573343,11,12.327418100484266
Estacion_292,25.2614373212445,49,15.52245199104961
Estacion_293,30.758203924617607,39,79.48255655071257
Estacion_294,27.52133448987884,13,33.84105275760322
Estacion_295,25.889423588563197,12,25.65441715999404
Estacion_296,28.65570282038363,49,51.39965092879704
Estacion_297,30.389954871690275,21,66.89654896698453
Estacion_298,26.5107471924779,21,25.98839050490521
Estacion_299,29.360233330733003,37,69.82659892196762
Estacion_300,25.597432254956377,36,21.420295770044007
Estacion_301,25.361772048180253,12,12.598003906123724
Estacion_302,28.71948242097704,23,52.88750053013228
Estacion_303,28.784445851270743,42,53.80517495916204
Estacion_304,29.46200931048745,7,73.92785164365355
Estacion_305,30.08263933605863,9,72.90134929386132
Estacion_306,31.830964556237745,17,94.12178291080824
Estacion_307,28.614102438108368,35,58.5206465274596
Estacion_308,27.260695310588723,20,38.32228952219727
Estacion_309,30.566303363380925,36,75.50042963146758
Estacion_310,26.89582575883452,26,31.76815986058934
Estacion_311,28.07279994493945,33,46.515593042203164
Estacion_312,25.549194669395863,26,16.404224850201164
Estacion_313,25.1774552039082,47,15.7676101650833
Estacion_314,31.738538902745475,7,91.1221962619822
Estacion_315,30.85186084358544,14,83.88553050910319
Estacion_316,29.871819442655884,46,68.05825041132766
Estacion_317,27.86267061089989,25,44.74522328237911
Estacion_318,26.21306024049592,20,14.565719463290508
Estacion_319,26.095059298697603,16,27.722349957883623
Estacion_320,26.75170028715217,6,32.75284582531595
Estacion_321,28.844586652942844,45,61.12509038461242
Estacion_322,30.002171458900435,28,55.54478061583677
Estacion_323,29.62138163702412,39,75.89845316819307
Estacion_324,26.9595372786216,34,32.81649920268334
Estacion_325,31.68405696464236,34,95.74959765939586
Estacion_326,30.16527841687038,39,66.78381136681689
Estacion_327,28.880478367579805,23,59.62960993627053
Estacion_328,29.282045223640463,12,56.11746486781731
Estacion_329,27.93720043699453,30,42.12756044045533
Estacion_330,26.7341169265081,44,40.37955988743112
Estacion_331,27.49180875055883,11,38.94829300288925
Estacion_332,30.304922773250585,34,74.74623764490565
Estacion_333,25.10075442040829,11,15.559391698343234
Estacion_334,25.812508483548413,7,22.22851124244398
Estacion_335,25.322018494152267,5,14.616316455545064
Estacion_336,25.28510161623279,40,15.246024407124596
Estacion_337,30.98822408807705,29,93.875766983116
Estacion_338,29.925605015660167,41,68.81916620275408
Estacion_339,28.31921680361128,5,50.83609687691012
Estacion_340,25.68483912455701,19,23.47134147472219
Estacion_341,28.441311125817823,41,56.823363174603806
Estacion_342,28.31430239546396,17,55.70678027336947
Estacion_343,26.212413089370106,44,27.742608182587205
Estacion_344,28.03696154466581,12,40.728513972337296
Estacion_345,27.78953314078161,9,51.64155535088485
Estacion_346,29.31095068636552,13,55.99968127129274
Estacion_347,29.445655556073508,5,64.86104399907727
Estacion_348,25.317128068404312,40,10.03415757075494
Estacion_349,27.6222883023853,39,41.14676789565864
Estacion_350,29.381019409999656,6,64.21604497151328
Estacion_351,28.521953810060616,44,53.87023179797878
Estacion_352,30.99542888831825,27,84.05475043099547
Estacion_353,29.610855421332616,13,73.39882140128462
Estacion_354,26.14054098957001,38,25.954163382409945
Estacion_355,25.49398123180301,18,14.706991605182871
Estacion_356,29.49693494744421,8,68.78365521077234
Estacion_357,25.185579173791357,34,18.174302530119444
Estacion_359,31.581611689974704,42,91.96634062894572
Estacion_360,29.02831924513115,15,61.84569465312833
Estacion_361,27.71718948344565,39,41.11845628454791
Estacion_362,29.50301752909647,12,70.91474441571577
Estacion_363,28.207770233440616,7,47.74296486612477
Estacion_364,28.819317525211545,18,56.459692569896255
Estacion_365,31.590253661435675,17,88.21768481580878
Estacion_366,27.702718464605415,49,42.51051681317232
Estacion_367,31.7283339467674,36,85.25863192673276
Estacion_368,31.337454493692448,38,78.8491995113379
Estacion_369,26.37053794352508,49,34.41898063842575
Estacion_370,25.48552910612616,23,11.591542531922231
Estacion_371,25.705446009641985,42,13.508390368422273
Estacion_372,25.127552779560848,20,0.7636827867116107
Estacion_373,25.661100725291497,6,14.738399965050428
Estacion_374,29.7810474139145,44,60.75711999993648
Estacion_375,25.4983205392216,21,24.1899222713411
Estacion_376,27.23282941205633,38,41.84303839138911
Estacion_378,25.16290355015078,20,23.21702162853088
Estacion_379,30.70127937812255,42,83.32417997242857
Estacion_380,26.9729834234138,6,32.05164416342247
Estacion_381,25.827153793351595,6,7.428816945851262
Estacion_382,29.877160157549056,30,79.98063475354239
Estacion_383,29.40259992745919,17,55.88333679569227
Estacion_384,31.14230409468937,35,75.48065540148804
Estacion_385,30.1454973066272,38,76.85881983957462
Estacion_386,30.62436651269394,43,89.69116018402363
Estacion_387,26.974242007999145,7,40.6122681885423
Estacion_388,26.24207680645806,12,27.7244672777585
Estacion_389,30.254303261486008,27,76.02541084615855
Estacion_390,30.64784317487085,18,82.04119589235177
Estacion_391,31.933535994004718,31,96.9970748769904
Estacion_392,27.888323738379984,33,46.06584198040671
Estacion_393,27.60412660054948,43,41.770524726353166
Estacion_394,30.434890725193977,43,74.9057230628301
Estacion_395,27.385624781771124,5,34.85767443692009
Estacion_396,31.515301279224957,21,86.78023996636556
Estacion_397,31.00888926290108,45,73.64188708383607
Estacion_398,28.00295819162513,34,45.54380016552782
Estacion_399,30.25609747454048,17,68.13021415873119
Estacion_400,30.281800118592777,25,67.8636548370345
Estacion_401,25.721867081851528,23,19.561875737985726
Estacion_402,31.317870346756965,23,92.7744555928066
Estacion_403,28.536766607135,29,57.032782315631536
Estacion_404,30.78520226275419,26,71.56992413493442
Estacion_405,27.24034720721428,35,31.936025803719676
Estacion_406,31.2686625994734,21,89.9278071336219
Estacion_407,27.724411751139144,27,37.78050404597818
Estacion_408,25.075863560362087,36,9.787196974359954
Estacion_409,31.337673834934847,14,88.80234651434093
Estacion_410,25.639006737502932,14,12.826358575717034
Estacion_411,27.235195463132904,40,37.34922308832467
Estacion_412,31.65043376935564,12,83.13507775767664
Estacion_413,31.65425002856289,24,86.84416212299861
Estacion_414,29.014065216863003,36,59.76769227306872
Estacion_415,29.422860485188597,18,55.10935715460477
Estacion_416,28.13911865384824,32,49.87179753598085
Estacion_417,27.05247540188645,28,34.53151582800399
Estacion_418,27.30065181758941,19,40.37027158315868
Estacion_419,29.70762919253927,26,67.61112098079452
Estacion_420,30.26662170606376,34,80.02016262263433
Estacion_421,30.54105330608094,8,77.11876218621082
Estacion_422,30.52732699956188,17,74.18089628911628
Estacion_423,25.638442721340837,27,18.272800171251408
Estacion_424,28.46094213291807,12,54.24779574019881
Estacion_425,25.40291132011651,22,15.0792361930266
Estacion_426,28.84670217626615,16,56.3633845712132
Estacion_427,28.09071350961364,35,43.57860367632991
Estacion_428,31.213929279308097,18,81.2526467639424
Estacion_429,27.45640508786455,38,32.463834695376114
Estacion_430,25.81946911499324,22,28.581513095853573
Estacion_431,26.00094177436985,38,15.791985115481763
Estacion_432,30.330574422022305,15,70.50236707528812
Estacion_433,29.327526443213827,45,58.33828099071994
Estacion_434,25.70785873285953,16,22.968926679036567
Estacion_435,25.588747642804982,19,15.590223322199677
Estacion_436,29.90678392021384,35,75.12011740593475
Estacion_437,25.509341044549355,33,12.744639413372909
Estacion_438,30.75302041503249,30,80.43121579150895
Estacion_439,29.943695590095476,22,65.14761181484688
Estacion_440,25.5694414644933,36,27.55904321278653
Estacion_441,25.593863998596344,26,11.18837588800855
Estacion_442,31.90647704950823,42,94.4268281452339
Estacion_443,27.619895570292844,21,44.60763124817464
Estacion_444,27.59449502946824,27,43.20293584087636
Estacion_445,30.68959697080252,28,77.34872535524171
Estacion_446,31.63074004168701,12,88.91977700157705
Estacion_447,31.90200744676009,45,93.04314672101668
Estacion_448,30.27364729681259,10,72.54875755360868
Estacion_449,27.63381709871641,9,46.42520076857148
Estacion_450,25.58450501689068,48,28.0666752106449
Estacion_451,30.440028411492055,33,72.49288201286555
Estacion_452,28.90882974815064,32,50.05694207991226
Estacion_453,27.969554064728836,15,45.19323853498969
Estacion_454,31.34448069566315,5,99.0323150362294
Estacion_455,25.77838237614306,47,15.322215673868085
Estacion_456,28.44837573003601,23,59.576092787652456
Estacion_457,25.07947551337193,13,19.34221023084539
Estacion_458,28.28062449395888,31,46.59955271896661
Estacion_459,25.394122929772863,38,17.57439055320073
Estacion_460,25.831725413876505,48,28.12268808216072
Estacion_461,25.82268372743973,8,17.976566024339366
Estacion_462,29.544472114812443,40,63.515763577237536
Estacion_463,30.22231415485796,22,69.75936528855229
Estacion_464,29.08358135568012,19,53.9291926146971
Estacion_465,31.735207839321795,17,87.57610634653153
Estacion_466,27.62409405666593,23,35.36942734617987
Estacion_467,26.999984603973022,10,34.17023258897247
Estacion_468,31.08019389732622,16,79.11246061262143
Estacion_469,26.56517086963617,41,29.950979994587744
Estacion_470,31.74255777608428,21,83.1312150819932
Estacion_471,25.085081322828717,27,12.67537703501685
Estacion_472,31.789151786953475,30,95.6374662514863
Estacion_473,25.302119383654038,33,3.6567543909911455
Estacion_474,31.238001795886497,37,86.7263043998758
Estacion_475,28.6939077636041,31,60.46523812561563
Estacion_476,31.950753572835104,29,87.36083778056519
Estacion_477,25.516575953147797,14,24.561773371962037
Estacion_478,28.876979990809247,27,58.61885493654118
Estacion_479,31.785117749333693,25,87.89635371321228
Estacion_480,28.66168490919104,25,53.661373522003984
Estacion_481,29.40579046694684,47,65.66112016597069
Estacion_482,29.87024082289232,17,68.82291683176987
Estacion_483,28.18178745337441,41,50.875229402724784
Estacion_484,29.392906560588443,37,58.11151076166449
Estacion_485,29.090200183461704,28,59.929206321720834
Estacion_486,31.308106073436925,48,78.62870039671816
Estacion_487,25.318124662390204,15,13.261365641938948
Estacion_488,26.966742327145614,21,29.08136971842343
Estacion_489,31.652880388535912,8,86.15691494948209
Estacion_490,31.23184648723641,29,90.96262372288916
Estacion_491,28.18959726949999,34,53.73171783697127
Estacion_492,29.34092818461076,13,65.13682881986495
Estacion_493,26.94166828086793,25,27.838455547052263
Estacion_494,26.31684811806633,24,24.22013516832192
Estacion_495,28.24588883457988,23,55.01615451485445
Estacion_496,27.47346559618237,23,40.39017172238796
Estacion_497,29.085592782956105,16,70.62376109538177
Estacion_498,25.54414245875489,41,18.496298702030607
Estacion_499,31.820763653663164,46,92.80940942640812
Estacion_500,31.903475211357215,21,91.29612021527412
Estacion_501,29.887131998138216,41,69.31328850157
Estacion_502,28.75267456440884,43,54.26974559100341
Estacion_503,27.16669331400429,32,39.540863151494506
Estacion_504,30.69656513794864,45,83.14229323935659
Estacion_505,29.79311820787716,39,63.58747119198614
Estacion_506,26.13831857541424,22,17.003658137181947
Estacion_507,31.376490291456896,18,77.3368566319663
Estacion_508,30.757760700462185,39,81.63308504010888
Estacion_509,31.64859939304347,48,84.26635968565226
Estacion_510,30.08003655871852,45,60.19598573985981
Estacion_511,29.293906371550527,11,63.46976948126117
Estacion_512,27.92770125403433,45,57.597412635575935
Estacion_513,31.52909938347809,17,88.31883804403759
Estacion_514,31.062447226502854,22,86.94182059029252
Estacion_515,25.316530690743328,41,14.207515081657784
Estacion_516,25.184568821480763,17,11.72037759181343
Estacion_517,27.635243568146347,40,46.21830523269499
Estacion_518,30.673873315472832,35,76.63510706473073
Estacion_519,31.91093290520461,6,94.26815643281482
Estacion_520,26.052918237724697,20,24.24350788367643
Estacion_522,27.66623599641715,13,46.95504370468839
Estacion_523,31.789400784702224,42,90.59801063294964
Estacion_524,30.89483246194996,15,76.9592637459353
Estacion_525,30.868300932977967,26,83.10216041358758
Estacion_526,28.28085211856479,37,44.87788551382229
Estacion_527,27.903736516363654,40,44.98574398320951
Estacion_528,26.913849503514943,49,32.92059905895831
Estacion_529,25.39462847655649,27,20.165019547835783
Estacion_530,31.05305663378537,49,85.01017076982426
Estacion_531,30.690307063910545,49,78.15854997320079
Estacion_532,31.998023713002915,38,98.06511605203644
Estacion_533,31.97645785951734,13,100.0
Estacion_534,28.88802193921839,28,59.44531480238
Estacion_535,30.382911906263573,12,74.64670597437977
Estacion_536,31.613360109176995,11,82.80114014837314
Estacion_537,30.94753173474188,40,76.04481250152566
Estacion_538,26.731436712202385,22,29.25111702465529
Estacion_540,25.904115906060465,32,19.91453435779833
Estacion_541,31.678357190811056,10,90.4235359142182
Estacion_542,29.24322244115616,48,63.56713306565756
Estacion_543,26.60049963852424,48,28.853501771995436
Estacion_544,29.701904790841,25,68.855365709223
Estacion_545,29.32689768320527,32,62.24514427251383
Estacion_546,27.507139026229883,44,30.20833548298925
Estacion_547,25.7949031453974,5,14.842160775675069
Estacion_548,29.7010123691496,40,65.69171065118712
Estacion_549,28.642153906326552,25,47.65737316171308
Estacion_550,30.406228742149477,47,77.87438855577473
Estacion_551,28.641144507783952,39,61.34748825512593
Estacion_552,30.96527050222978,17,87.67705528524395
Estacion_553,28.8633478714214,14,55.29296010240577
Estacion_554,28.926565800747703,48,64.57242029322217
Estacion_555,31.136575218608414,14,84.38223990931152
Estacion_556,27.824380063486775,17,42.20713090625112
Estacion_557,25.938106599154484,41,18.19026587214912
Estacion_558,25.201478734193373,42,10.905396377879828
Estacion_559,30.28596078971533,28,71.49064538387785
Estacion_561,29.928558376694564,26,69.94557042558408
Estacion_562,26.49074913056237,21,27.90421966751555
Estacion_563,25.95460032910739,40,23.639894798020407
Estacion_564,25.10181265967517,18,17.174983290033758
Estacion_565,27.454112911646178,14,44.19712561696075
Estacion_566,29.12942380798243,39,52.12859585353964
Estacion_567,27.745708315698128,29,30.17889411386777
Estacion_568,28.062324454166102,7,51.4194930061896
Estacion_569,31.32911086145624,42,79.11493684539775
Estacion_570,27.437788269163104,21,38.12963222049381
Estacion_571,28.597926424118675,16,47.32455195912733
Estacion_572,30.485571089188,28,66.8169508823559
Estacion_573,27.77579947624889,33,46.01690735601064
Estacion_574,29.354606901595115,47,66.0510586206546
Estacion_575,31.036545961227212,29,79.55599953109298
Estacion_576,31.646644365603493,40,76.80452092651737
Estacion_577,26.029514366503264,30,19.622950156776756
Estacion_578,31.48611337613046,42,89.79238054057826
Estacion_579,28.44481405155677,5,43.94321077481061
Estacion_580,26.807710718092707,24,32.609328216008265
Estacion_581,28.21395029366783,32,48.49085427814894
Estacion_582,31.86022802699834,20,95.2191938219855
Estacion_583,28.448326657950087,21,51.9778217374718
Estacion_584,27.30126127201256,44,32.74979055974292
Estacion_585,29.43380598021708,32,69.18852927092745
Estacion_586,26.681019331447352,16,29.37958411223341
Estacion_587,25.531043296760647,31,16.235996863578116
Estacion_588,25.902158053374546,46,16.159556845128556
Estacion_589,25.896320872704408,34,18.53943921649534
Estacion_590,26.06331885458606,45,18.335812684898244
Estacion_591,25.971790208545876,38,20.79675220293337
Estacion_592,29.486123213622506,41,72.39202096418173
Estacion_593,26.273160590794014,10,18.41842137487135
Estacion_594,27.419670983267043,11,30.968244809820824
Estacion_595,31.27751886934208,36,92.686078069573
Estacion_596,28.317731481840102,36,48.76615939632197
Estacion_597,29.67290416964719,29,62.72948634246672
Estacion_598,26.20623909841141,37,29.67439261791732
Estacion_599,26.346023131660694,11,23.12419988124397
Estacion_600,25.28608031386535,16,22.563012334118888
Estacion_601,26.18254544150515,20,27.580174654758157
Estacion_603,26.23907338993723,47,35.655421745574245
Estacion_604,25.62091773629939,40,14.422438220575986
Estacion_605,25.844451097704205,17,23.84389003249698
Estacion_606,28.22545137622908,11,50.201879416781466
Estacion_607,26.444336028840542,40,33.84073879308051
Estacion_608,27.549889027336526,13,48.40622431167261
Estacion_609,28.523920895984,36,52.44707149713685
Estacion_610,29.83276380040556,15,64.22607625313579
Estacion_611,25.27518497888769,12,15.602080461347908
Estacion_612,30.5958727923633,37,73.76189665959906
Estacion_613,29.39530272643636,27,72.81056895486938
Estacion_614,25.572313223642105,29,17.55043533911892
Estacion_615,31.11505036874744,12,81.55399666840876
Estacion_616,31.44610680372269,49,88.27668317399682
Estacion_617,25.42754571898405,26,8.394917180160054
Estacion_618,26.938143537030427,8,28.399652251811872
Estacion_619,30.64340895855143,44,83.72297704233927
Estacion_620,30.237817832685607,7,69.56934259737031
Estacion_621,26.29164713549464,33,20.26521071252601
Estacion_622,26.465445263356973,45,30.268606922920117
Estacion_623,27.593304719539677,33,47.04817740779107
Estacion_624,28.39166089633715,38,54.29469730937111
Estacion_625,29.32778340071207,38,66.91363923757397
Estacion_626,27.58239547698841,32,37.20477028101355
Estacion_627,28.23774301293204,17,41.74386282147518
Estacion_628,30.23229656693629,19,80.29422706301295
Estacion_629,25.256782420234185,27,11.467989848599522
Estacion_630,26.767058610408142,48,29.950538242622528
Estacion_631,29.99344710119187,30,76.56233592354775
Estacion_632,31.266447863810395,8,87.97852441272802
Estacion_633,28.581742094809663,30,55.26034399812396
Estacion_634,28.72479439685721,44,65.52254448679194
Estacion_635,25.75020407937843,13,15.784857800640443
Estacion_636,28.131886567764184,9,52.22183945357639
Estacion_637,28.72832086518516,36,55.02491600670732
Estacion_638,26.697293525443108,24,31.71048369963355
Estacion_639,26.88470261664567,15,40.25877353181068
Estacion_640,27.64098914173236,19,44.23104848223641
Estacion_641,25.140498384444086,36,14.3774610085772
Estacion_642,27.254554159082247,32,42.41718659553597
Estacion_643,26.48013604897581,26,25.93686893999533
Estacion_644,27.2924814652454,45,33.31372924624979
Estacion_645,25.83833492273476,21,14.835973102711945
Estacion_646,31.233690965179264,30,74.97250863527115
Estacion_647,29.15514717487834,48,70.14280174824171
Estacion_648,29.753716234011428,11,61.52855297952875
Estacion_649,30.52419867025137,46,75.18411592508758
Estacion_650,28.4890953925034,30,50.48507821059621
Estacion_651,25.608442016611967,29,18.83833768838908
Estacion_652,28.759745792729834,14,59.19563557545451
Estacion_653,29.107887826146158,49,63.59702135555258
Estacion_654,30.21807631929031,23,69.70152863863908
Estacion_655,28.021616823607754,15,45.42379331436098
Estacion_656,25.893062119568945,17,22.12964518726881
Estacion_657,26.98643134059107,12,32.593720456175134
Estacion_658,27.541576074790445,44,48.535640777585314
Estacion_659,29.52142068932121,8,66.71192303004575
Estacion_660,28.995448132682384,35,61.61976652243769
Estacion_661,27.492677081284924,32,43.22653131875615
Estacion_662,31.90560674155086,15,98.73465018603694
Estacion_663,29.24042373549821,47,61.79019261949707
Estacion_664,26.66058754215196,5,23.442890766044325
Estacion_665,25.712477308342827,42,20.548167458877128
Estacion_666,26.07001397429033,28,19.583383222524738
Estacion_667,26.72170409869156,35,28.017365775549887
Estacion_668,26.12476961281689,45,26.42905544757816
Estacion_669,26.30596916835914,30,31.86304537747787
Estacion_670,26.99566618085693,9,34.05435205396346
Estacion_671,26.213615167063285,24,26.10754706775425
Estacion_672,31.277357972384976,45,93.83937039179592
Estacion_673,25.56163621963149,15,17.943400533020785
Estacion_674,28.671579726991784,37,67.06737229480339
Estacion_675,27.872777788927632,42,47.30088169528929
Estacion_676,31.876650318360245,31,83.71599002454383
Estacion_677,25.784272315176366,38,23.17797588763906
Estacion_678,27.784989193320197,19,45.32566224425618
Estacion_679,31.78629303292758,36,97.88428016554474
Estacion_680,31.05854988125786,25,86.06850533144411
Estacion_681,30.71950449664496,9,77.94177403982063
Estacion_682,26.80531978931458,10,25.54234629032814
Estacion_683,26.19621311173046,42,23.309441054335423
Estacion_684,29.680502539471014,26,61.9134282026057
Estacion_685,31.5056319238931,22,85.16496583769359
Estacion_686,28.897340251097507,18,59.71097503527314
Estacion_687,29.001288826289297,14,66.36498843722859
Estacion_688,26.959853655621988,17,35.49160151657877
Estacion_689,30.38645053234356,35,68.65799107794679
Estacion_690,26.309306239902664,34,27.93468821993266
Estacion_691,27.265754654829703,7,43.17221329118473
Estacion_692,27.97805507031492,34,42.68774632218205
Estacion_694,26.69686812690556,33,30.43585849651272
Estacion_695,25.803857773174425,12,15.721801712681884
Estacion_696,29.274340297091427,48,64.53348573431643
Estacion_697,27.02041387268179,49,33.64022572914258
Estacion_698,29.068667549958285,47,60.92167281903453
Estacion_699,26.080539006919416,48,18.529007194022466
Estacion_700,28.367980712983723,37,48.22847705418762
Estacion_701,28.7281260278611,21,58.3494191234721
Estacion_702,25.362764757756988,15,12.489011332625008
Estacion_703,27.356229947357445,17,46.90957862445635
Estacion_704,25.94090273857282,15,19.292651934800844
Estacion_705,25.44362479330937,35,16.44692114847196
Estacion_706,31.929721626729616,32,97.81961368012084
Estacion_707,27.25647691482306,48,29.9858943132116
Estacion_708,30.66912112098245,10,69.22540939188545
Estacion_709,26.782484583346346,45,23.76153342730567
Estacion_710,29.770519055567505,20,73.55914918394596
Estacion_711,30.321595019227807,8,71.09984950127148
Estacion_712,29.16947118425491,39,72.82465063940015
Estacion_713,28.301033319851108,30,46.79116184492632
Estacion_715,27.442077865800968,15,47.015484152451
Estacion_716,31.506704009734783,41,98.11091255761298
Estacion_717,30.814335854514106,29,90.07954813735128
Estacion_718,31.755188374665583,22,97.10409164895276
Estacion_719,25.87008056439881,23,25.561279401843027
Estacion_720,30.11607232642551,27,74.35550266311203
Estacion_721,31.568383197747263,42,92.7124037538004
Estacion_722,26.268631463159625,22,22.467648976272795
Estacion_723,25.465473871567443,30,11.4946920416978
Estacion_724,30.187844545030416,10,72.23726225331022
Estacion_725,29.021311792259382,8,57.40481839448795
Estacion_726,30.892801437307902,48,78.44747700105847
Estacion_727,25.978406636384022,33,25.222816873891905
Estacion_728,30.56687118301923,38,81.57898023908332
Estacion_729,26.41139124033421,21,27.378729315469773
Estacion_730,26.14559160005993,47,31.134749605995477
Estacion_731,26.14986058551695,47,18.0898814555359
Estacion_732,30.702023041619675,20,77.45597920303754
Estacion_733,29.6563805448734,6,62.29245493546678
Estacion_734,28.66145797338384,38,44.604812595240745
Estacion_735,27.51181338886452,12,39.72835723716074
Estacion_736,31.14040378569176,17,83.0761078863847
Estacion_737,27.747115751958447,46,50.532637739712015
Estacion_738,30.71619607630104,12,81.74841133838638
Estacion_739,28.07394435999153,34,41.766398198252325
Estacion_740,27.638611005974354,36,50.93379490336319
Estacion_741,28.238758499687243,40,54.97027047387371
Estacion_742,27.109645119148997,34,38.226229947131
Estacion_744,28.519042730647357,47,47.43131658415082
Estacion_745,26.62548886602772,43,27.64483251197736
Estacion_746,31.29702201292198,21,91.00800725358464
Estacion_747,27.68723854961248,24,51.66979412502278
Estacion_748,28.80487002779792,28,63.374657974936014
Estacion_749,31.345304776751828,26,83.69941021209056
Estacion_750,29.369665971397943,33,56.83790449033023
Estacion_751,25.81828628495855,26,20.52386665405863
Estacion_752,31.57882486529433,48,80.10370155571766
Estacion_753,29.393956371499925,13,64.34331502892302
Estacion_754,27.344339302599604,41,37.39405869970189
Estacion_755,25.97490450864371,14,19.368671594383347
Estacion_756,30.558176324892077,40,68.72460056237091
Estacion_757,29.340509291499597,41,64.65411203084373
Estacion_758,28.73422764383425,32,52.147227527701446
Estacion_759,31.257248081356703,32,79.23739279772899
Estacion_760,30.52018047857172,46,61.88085467645236
Estacion_761,26.06172415812926,47,22.603115372297896
Estacion_762,27.18205447456884,25,45.04591167817473
Estacion_763,26.73942397870126,28,39.17938381715445
Estacion_764,30.20762404800874,46,70.20600729317351
Estacion_765,25.234727043150457,44,9.80566421599658
Estacion_766,28.98922779409921,6,60.21460480956572
Estacion_767,30.337210800184835,12,69.05460240627656
Estacion_768,31.137359457332245,31,85.15727298708424
Estacion_769,27.394572241011357,26,42.56526828405966
Estacion_770,30.748801132704088,41,85.1202797118706
Estacion_771,25.77442215868645,31,18.792295521837676
Estacion_772,30.925166042141623,33,80.08362375481468
Estacion_773,25.89242063632388,7,16.319134702103714
Estacion_774,27.78101103392257,48,39.23773063687156
Estacion_775,30.58106756045688,17,75.8404162659749
Estacion_776,26.049421991441417,49,24.429891431377875
Estacion_777,26.60475976662849,14,33.82504033070813
Estacion_778,30.055767978751465,40,66.65332099161587
Estacion_779,30.04025575582252,13,77.94651191466784
Estacion_780,29.48803343019708,31,62.50078315715214
Estacion_781,29.857639111269695,38,68.18483286349422
Estacion_782,28.79907110343317,5,51.852794845458966
Estacion_783,26.762593412348668,36,19.029919646819323
Estacion_784,27.41987195452744,29,43.458690436134496
Estacion_785,26.27118401760998,33,28.9384276967819
Estacion_786,31.3591539293354,11,84.90320936643369
Estacion_787,29.083742563362843,7,59.339864346478464
Estacion_788,27.80595991734548,24,46.251215096666265
Estacion_789,28.23404062550893,24,40.99575822167444
Estacion_790,31.630983377282707,34,86.92653714066103
Estacion_792,29.10360882411758,39,52.97185877356473
Estacion_793,28.54122075219126,43,53.96243868712827
Estacion_794,29.28017964804253,31,54.57924675339338
Estacion_795,25.12677128674588,30,13.853405353118228
Estacion_796,31.10486736260906,18,83.08020093982131
Estacion_797,31.52482797738529,21,80.22227664909587
Estacion_798,28.95593228512446,22,63.2948841937794
Estacion_799,29.87655576713825,49,64.84571132166872
Estacion_800,31.45749566824107,33,83.43868583382094
Estacion_801,29.95067044019379,24,70.41089126848019
Estacion_802,26.06777330039983,31,28.556466351941488
Estacion_803,29.03401852116769,22,53.329113159120304
Estacion_804,29.24700532467999,8,61.272463145399726
Estacion_805,27.968914699116706,5,47.77105889105327
Estacion_806,30.15510964937306,5,75.32684382879243
Estacion_807,31.540569103383103,30,89.3690370169834
Estacion_808,31.47897959034744,49,85.91261588875261
Estacion_809,28.155875599828924,24,43.73255609470346
Estacion_810,25.792666320885285,27,19.94271526585528
Estacion_811,31.893888392736343,14,87.36596565290809
Estacion_812,30.872286605121538,15,65.86068684398545
Estacion_813,25.872638768422867,45,22.65446424186277
Estacion_814,31.445893178321604,45,91.87039234529026
Estacion_815,31.0892745344349,9,71.25663223550957
Estacion_816,28.631866399882504,5,48.53374327504034
Estacion_817,29.138928050214503,21,62.76290790760002
Estacion_818,27.793018927090912,26,53.80370447364945
Estacion_819,25.383331471754214,38,14.703946199427657
Estacion_820,27.346380691521308,49,34.51655359211004
Estacion_821,30.61997414018608,45,76.52520747670874
Estacion_822,25.03242416103222,33,17.263472028127563
Estacion_824,27.787180855136604,9,39.450210228388016
Estacion_825,28.761769220565466,15,52.72751303587536
Estacion_826,31.438989314889323,25,82.5012287373783
Estacion_827,27.42442196056173,39,39.70641510671474
Estacion_828,27.4286724132736,16,47.26746125163092
Estacion_829,30.16250873676824,30,73.56550120679897
Estacion_830,28.16552558622865,23,46.72453952411235
Estacion_831,26.572233760579877,49,27.407748782380747
Estacion_832,28.16707661292885,11,40.18896531166294
Estacion_833,25.9859991426586,11,26.247538597638982
Estacion_834,26.234708905543563,30,24.427320881458776
Estacion_835,28.48857440917636,44,50.9604933421632
Estacion_836,27.932478146531835,9,61.15527559760633
Estacion_837,31.4039213074767,25,88.3408202315488
Estacion_838,27.536757293816432,18,36.68213227532125
Estacion_839,29.064118451946303,8,56.63763344232794
Estacion_840,29.425850015436712,27,68.85242873122434
Estacion_841,25.09166119611833,46,11.66628640610882
Estacion_842,29.64476160411697,24,58.5457493578168
Estacion_843,26.24625176808826,19,29.55116588993516
Estacion_844,31.727492222286187,49,87.38918623973927
Estacion_845,26.04063909427179,33,31.854158012349167
Estacion_846,27.90236886608917,12,50.22866672164324
Estacion_847,25.59744767655051,45,14.932762640312378
Estacion_848,31.97811976292163,23,100.0
Estacion_849,28.515365072318698,43,52.52365842046137
Estacion_850,29.167695121240307,32,64.27620983049475
Estacion_851,25.46953534171899,31,18.058088187100257
Estacion_852,30.249723292794243,8,68.76489623857655
Estacion_853,26.4693391516691,19,24.41432065844188
Estacion_854,31.286380026085,39,90.5863644009258
Estacion_855,26.43597748337405,41,25.557853139955903
Estacion_856,26.334814044645665,5,23.999526219537977
Estacion_857,25.255847674936664,7,8.294559202493218
Estacion_858,28.304468615769995,28,51.77161871720726
Estacion_859,28.953887932838317,31,67.75927979027549
Estacion_860,25.459960475998468,44,10.181861140710236
Estacion_861,30.428693316865072,40,75.26541708574469
Estacion_862,28.173021843236192,38,55.13736489591143
Estacion_863,28.67073188529306,33,53.650575667288095
Estacion_865,27.80534142612728,28,38.35212947279297
Estacion_866,28.917482319157525,46,59.15132331592853
Estacion_867,26.08668172151499,8,22.104459333157106
Estacion_868,26.273496913466897,7,30.210612940002058
Estacion_869,31.03249934709462,38,88.32692242295924
Estacion_870,31.62280823493543,27,100.0
Estacion_871,27.613165213958272,27,44.25614843356716
Estacion_872,26.89521271200488,49,34.37153412696936
Estacion_873,29.507996802673112,9,65.067883139964
Estacion_874,27.86113919768668,35,42.56783890818669
Estacion_875,25.17770448962241,45,13.824873092777423
Estacion_876,26.09306818156333,10,21.639811128064867
Estacion_877,30.011805601931783,41,70.98397210452947
Estacion_879,25.189671947524385,44,7.243350543894398
Estacion_880,26.553805133530645,11,34.34505440801296
Estacion_881,26.6175235761165,43,35.99585825009735
Estacion_882,29.7032492051911,42,65.8486478273378
Estacion_883,25.13797376428055,25,1.0464106763236265
Estacion_884,25.728760073892012,24,15.70601095123201
Estacion_885,30.599412597612325,7,83.67792390415343
Estacion_886,26.249812634380334,26,24.883411301069597
Estacion_887,29.56922275496312,8,59.8341618980829
Estacion_888,26.667279467327084,32,27.48347900178389
Estacion_889,25.696089749315416,16,22.556177124307737
Estacion_890,26.70220533699618,42,33.16013188496108
Estacion_891,30.055868522989613,40,69.47576178002689
Estacion_892,30.989875276744,45,80.04438126185458
Estacion_893,30.811539051968943,9,77.77967787840824
Estacion_894,27.780284707329184,17,38.75136556545768
Estacion_895,29.67659595599452,27,74.1960299192815
Estacion_896,26.434890067910747,34,25.607078468872277
Estacion_897,27.05203411182709,41,40.7102019460526
Estacion_898,31.27435072964784,29,92.89878901538634
Estacion_899,25.091013464575152,31,16.08371606564161
Estacion_900,25.59855971598128,18,15.024615028185076
Estacion_901,26.455203786022192,40,29.48109588394934
Estacion_902,25.185725427116736,43,12.107727093446256
Estacion_903,26.27004804562858,20,20.72206724389232
Estacion_904,29.081290926787844,26,60.59728753006214
Estacion_905,27.949971854147485,25,39.50446329397078
Estacion_906,31.248701977538826,25,90.92282067277372
Estacion_907,30.72210493216909,12,76.3421726995371
Estacion_908,27.39272146188513,20,39.71845582198577
Estacion_909,26.815964034019046,35,33.208007765959266
Estacion_910,27.657846857170867,46,40.59963741753002
Estacion_911,29.13206459760365,14,62.51824417862022
Estacion_912,26.876445485760133,36,30.142827546008988
Estacion_913,29.369042354943936,38,66.78499474661348
Estacion_914,27.86588156533868,13,37.66068038283045
Estacion_915,28.86433026596386,21,57.00386108929841
Estacion_916,28.05288570394722,15,56.32927344265802
Estacion_917,27.061260316793422,36,29.7334671784932
Estacion_918,31.639173148735097,14,86.28135293219691
Estacion_919,30.345240559118324,26,76.71242595771446
Estacion_920,25.980792230365168,21,22.667415674080004
Estacion_921,31.07927583128539,8,84.70446047179249
Estacion_922,28.412018387746595,29,53.39015630369745
Estacion_923,31.26186558825864,25,88.31599440191252
Estacion_924,30.598986791631205,41,82.73634070935557
Estacion_925,27.976494531284636,42,47.767027660058176
Estacion_926,25.15728515824082,5,10.681133625797129
Estacion_927,26.880741515694623,29,35.931766694349136
Estacion_928,28.79143950262607,40,64.99668370598889
Estacion_929,29.43434753878303,21,62.549001733483486
Estacion_930,26.805213798032412,45,26.789919053035792
Estacion_931,25.975492518509768,28,27.241313568552076
Estacion_932,30.84451165759509,6,79.53223407137311
Estacion_933,31.890815264924864,44,81.82643544902817
Estacion_934,28.6798312761188,19,58.3950836991777
Estacion_935,26.201755000938125,36,21.74441908148789
Estacion_936,26.906151285635584,43,32.42114901610619
Estacion_937,25.128734735832268,10,13.204718482832284
Estacion_938,31.40009164592349,5,87.75359814997722
Estacion_939,25.824257580230988,27,23.43835004846704
Estacion_940,29.03561532859977,43,56.24995209034808
Estacion_941,26.91838654481044,21,35.586167528605706
Estacion_942,28.879246017610555,38,55.253218823407074
Estacion_943,29.55994271846305,45,68.4133650259941
Estacion_944,30.80819262595041,33,82.7751489314702
Estacion_945,26.44494890232422,13,22.662193317667644
Estacion_946,25.076970800609363,17,16.35356018818753
Estacion_947,25.95819941048165,10,18.81857570020956
Estacion_948,31.300130492936734,10,89.64185490664656
Estacion_949,31.117230542937605,24,85.24320308225796
Estacion_950,29.18189171519216,7,69.37361896628148
Estacion_951,29.20361802303557,21,59.32608636456763
Estacion_952,29.65525672182379,16,64.11649668129449
Estacion_953,26.227598950364147,49,24.634089374931072
Estacion_954,31.40088362147472,5,85.29470454352526
Estacion_955,27.93139367424451,21,49.17643360064441
Estacion_956,27.68196969774648,7,34.10208333077484
Estacion_957,28.632423936979865,30,48.320675148026574
Estacion_958,25.328761767425384,19,8.606126601208612
Estacion_959,26.163983581292555,40,28.719340935378543
Estacion_960,30.166235314984597,36,80.54789064272477
Estacion_961,25.579590675475885,36,16.432842013023258
Estacion_962,29.222064766264715,8,59.82066857922656
Estacion_963,26.717443767769247,22,30.95958602879684
Estacion_964,27.725069298293835,23,48.51022309256699
Estacion_965,27.0208561573949,47,29.613508217785903
Estacion_966,27.489709015254643,39,41.06835309672963
Estacion_967,30.03332133628972,44,75.27584418438875
Estacion_968,27.079852009362224,18,37.4636949620459
Estacion_969,28.96483248207828,37,58.52589786793307
Estacion_970,28.332352815393698,18,54.99346424756005
Estacion_971,29.645698157538536,38,52.23221642546626
Estacion_972,31.557808175273305,8,92.08307470093418
Estacion_973,30.128004680471754,28,68.26567775002395
Estacion_974,26.504582650135298,33,18.901827317341315
Estacion_975,25.21828194542899,23,15.175396342772771
Estacion_976,26.835848310098772,10,38.89847244700007
Estacion_977,29.165545514901783,37,59.29930360568295
Estacion_978,25.35998069438975,44,19.08414106869172
Estacion_979,28.47456373040865,23,59.75615605484711
Estacion_980,29.177899942418225,5,66.70937157693895
Estacion_981,27.339707235718727,9,46.27630947548172
Estacion_982,30.396385426220757,31,78.46726257000853
Estacion_983,25.7461877719364,20,19.33142145774477
Estacion_984,25.525964472150665,10,8.3017446063221
Estacion_985,30.097321293425225,44,69.93754308045295
Estacion_986,28.46843921344339,17,47.40503758473971
Estacion_987,29.818816774994158,39,78.6805148874189
Estacion_988,28.043791370226224,23,45.64606738055303
Estacion_989,26.724814232673747,16,31.31379482600738
Estacion_990,30.7337162237194,20,81.5620215648351
Estacion_991,30.59591115278285,47,77.3689460652565
Estacion_992,29.862875295980988,14,76.82975875392563
Estacion_993,26.905015960609735,29,29.74694471864457
Estacion_994,29.13161466808361,24,60.55241329318952
Estacion_995,27.52681727858019,35,36.60945441447206
Estacion_996,25.64107451328644,8,11.09278160333376
Estacion_997,31.4211950282357,48,83.99549488430199
Estacion_998,25.95773041643273,27,21.30758101195075
Estacion_999,31.651661476745616,6,87.67342659836109
Estacion_1000,28.12204041070569,26,44.00238002909899
